,operation_type,days_in_hospital,hours_per_week,type_of_work,breadwinner,nr_prob_days,am_work_prob_days,prob_unpaid_days,preop_capa,Work_capacity_preop,nr_of_days_off_work,age,height,weight,work_capable_wo_oper,problems_caused_work,gender,hospital,average_inactivity_pre,average_inactivity_post,average_steps_pre,average_steps_post,30CRT_T0,5XCRT_T0,6MWT_T0,LFTT_T0,CD10_T0,CSI_T0,WORQ_T0,KOOS_A_T0,KOOS_P_T0,KOOS_Q_T0,KOOS_S_T0,KOOS_SP_T0,30CRT_T1,5XCRT_T1,6MWT_T1,CSI_T1,WORQ_T1,KOOS_A_T1,KOOS_P_T1,KOOS_Q_T1,KOOS_S_T1,KOOS_SP_T1
0,1,2.0,50,0,1,28.0,8.0,0.0,7.0,100.0,0,61,188.0,108,2,1,0,0,5.66154,4.88095,10116.6,8826.43,22.0,7.2,570.0,0.0,9.0,24,57.6923,25.0,22.2222,12.5,17.8571,5.0,15.0,10.5,420.0,21.0,29.0,75.0,58.3333,31.25,46.4286,10.0
1,1,3.0,18,1,0,0.0,100.0,0.0,10.0,100.0,0,63,170.0,92,4,0,1,0,4.91781,1.66667,8488.63,12375.2,15.0,10.0,415.0,20.0,9.0,22,59.6154,61.7647,77.7778,25.0,42.8571,20.0,14.0,9.9,472.0,15.0,38.0,85.2941,77.7778,68.75,60.7143,35.0
2,0,2.0,36,1,1,20.0,70.0,0.0,5.0,100.0,0,55,172.0,85,2,1,0,0,2.5,4.20123,4864.5,5611.01,20.0,6.36,600.0,31.0,9.0,8,42.3077,33.8235,25.0,31.25,60.7143,5.0,12.0,11.5,600.0,7.0,37.0,54.4118,50.0,37.5,67.8571,5.0
3,0,2.0,75,0,1,28.0,60.0,0.0,4.0,100.0,0,65,187.0,80,1,4,0,0,2.57143,8.0,10050.9,9486.12,10.0,14.7,450.0,36.0,9.0,34,53.8462,67.6471,47.2222,25.0,71.4286,25.0,0.0,0.0,375.0,32.0,27.0,73.5294,66.6667,31.25,82.1429,40.0
4,1,2.0,40,0,1,0.0,100.0,0.0,7.0,100.0,0,60,183.0,108,4,1,0,0,4.81818,4.49307,9343.18,4456.69,25.0,5.5,599.0,36.0,10.0,10,71.1538,80.8824,75.0,50.0,78.5714,20.0,15.0,7.47,600.0,10.0,42.0,80.8824,91.6667,62.5,82.1429,50.0
5,1,2.0,24,1,0,0.0,100.0,0.0,6.0,100.0,0,60,171.0,77,2,1,1,0,2.17391,2.0,17378.0,10302.7,18.0,7.7,620.0,29.0,10.0,15,65.3846,64.7059,44.4444,31.25,42.8571,5.0,11.0,13.5,450.0,22.0,19.0,69.1176,69.4444,31.25,35.7143,15.0
6,1,2.0,40,1,1,0.0,100.0,0.0,10.0,100.0,0,57,194.0,104,4,0,0,0,3.75,5.0,12712.8,11301.9,11.0,11.6,455.0,26.0,6.0,0,55.7692,50.0,38.8889,18.75,21.4286,0.0,17.0,8.5,533.0,0.0,47.0,100.0,97.2222,75.0,78.5714,75.0
7,1,2.0,30,0,0,2.0,80.0,8.0,8.0,100.0,0,64,165.0,98,4,0,1,0,5.96774,4.26516,9497.9,5021.5,14.0,10.07,530.0,22.0,9.0,25,51.9231,57.3529,47.2222,43.75,71.4286,25.0,14.0,10.34,525.0,20.0,31.0,70.5882,58.3333,56.25,78.5714,25.0
8,1,2.0,40,1,1,5.0,80.0,6.0,5.0,100.0,0,60,186.0,78,1,4,0,0,19.0,4.375,1316.0,10418.8,12.0,11.7,660.0,31.0,9.0,28,36.5385,38.2353,36.1111,12.5,50.0,5.0,12.0,12.1,604.0,24.0,50.0,50.0,50.0,50.0,50.0,50.0
9,1,6.0,10,1,0,28.0,100.0,0.0,4.0,100.0,0,59,175.0,85,1,2,1,0,5.94048,4.13333,8721.13,4756.47,11.0,13.5,415.0,14.0,9.0,23,53.8462,54.4118,58.3333,31.25,35.7143,0.0,0.0,0.0,0.0,24.0,50.0,50.0,50.0,50.0,50.0,50.0
10,1,2.0,40,1,1,18.0,80.0,28.0,4.0,100.0,2,60,187.0,87,1,3,0,0,9.12821,6.81747,4555.72,5804.68,12.0,11.7,462.0,34.0,9.0,41,57.6923,64.7059,38.8889,31.25,67.8571,20.0,6.0,24.8,335.0,34.0,27.0,72.0588,66.6667,37.5,53.5714,25.0
11,1,2.0,30,1,0,28.0,0.0,0.0,9.0,40.0,28,55,172.0,86,1,1,1,0,4.29412,3.92453,11104.8,7765.15,14.0,9.6,455.0,14.0,9.0,32,51.9231,52.9412,47.2222,25.0,50.0,5.0,11.0,12.7,338.0,35.0,31.0,77.9412,58.3333,50.0,60.7143,45.0
12,0,3.0,32,1,1,4.0,90.0,2.0,8.0,0.0,0,60,178.0,87,1,1,0,0,6.78788,9.656,5629.45,5089.59,19.0,6.7,560.0,39.0,9.0,26,57.6923,45.5882,44.4444,25.0,53.5714,10.0,15.0,10.0,550.0,37.0,41.0,73.5294,75.0,37.5,75.0,50.0
13,1,2.0,6,0,0,2.0,70.0,21.0,5.0,100.0,0,60,173.0,105,1,2,1,0,6.86325,7.2549,5357.64,4356.86,11.0,12.4,336.0,23.0,9.0,34,42.3077,54.4118,52.7778,25.0,46.4286,10.0,5.0,28.0,0.0,37.0,31.0,77.9412,86.1111,37.5,67.8571,5.0
14,1,3.0,40,1,1,28.0,0.0,0.0,5.0,40.0,28,55,181.0,91,1,4,0,0,7.41667,6.46429,9551.5,6803.0,13.0,11.7,456.0,21.0,5.0,33,55.7692,50.0,33.3333,25.0,35.7143,30.0,0.0,0.0,0.0,24.0,50.0,50.0,50.0,50.0,50.0,50.0
15,1,2.0,36,1,1,28.0,90.0,0.0,5.0,100.0,0,56,178.0,103,1,1,0,0,3.75,4.28571,14282.6,18438.6,13.0,11.0,450.0,24.0,9.0,37,65.3846,32.3529,25.0,18.75,46.4286,0.0,8.0,14.9,460.0,39.0,35.0,69.1176,55.5556,37.5,50.0,25.0
16,1,2.0,16,1,0,12.0,80.0,4.0,6.0,100.0,0,59,170.0,95,2,2,1,0,7.29268,8.46552,6511.35,5310.52,25.0,5.9,432.0,25.0,8.0,14,36.5385,47.0588,44.4444,25.0,50.0,5.0,13.0,11.2,402.0,15.0,42.0,92.6471,88.8889,75.0,53.5714,20.0
17,1,3.0,21,1,0,0.0,100.0,0.0,6.0,100.0,0,60,176.0,75,1,1,1,0,2.01754,8.5,12689.4,5634.0,21.0,7.6,545.0,29.0,10.0,16,67.3077,55.8824,36.1111,18.75,46.4286,0.0,11.0,13.0,342.0,33.0,23.0,64.7059,50.0,25.0,46.4286,20.0
18,1,2.0,27,1,1,16.0,100.0,28.0,1.0,100.0,0,53,184.0,100,1,2,0,0,6.08824,1.0,7391.12,125.0,31.0,3.9,545.0,71.0,9.0,36,13.4615,19.1176,13.8889,0.0,14.2857,0.0,14.0,9.9,300.0,30.0,28.0,75.0,61.1111,37.5,35.7143,25.0
19,1,2.0,40,0,1,20.0,60.0,0.0,6.0,100.0,0,60,173.0,84,4,3,0,0,3.0,5.02776,15178.4,12886.9,14.0,10.6,558.0,38.0,9.0,18,53.8462,54.4118,50.0,31.25,35.7143,0.0,15.0,9.85,580.0,13.0,39.0,94.1176,86.1111,37.5,64.2857,55.0
20,0,3.0,21,1,0,12.0,100.0,0.0,7.0,0.0,0,60,173.0,75,4,0,1,0,4.87719,6.46429,9784.23,6020.43,17.0,9.2,525.0,33.0,9.0,30,53.8462,57.3529,30.5556,12.5,25.0,10.0,18.0,8.2,517.0,28.0,38.0,76.4706,61.1111,43.75,71.4286,40.0
21,1,3.0,63,0,1,28.0,60.0,28.0,5.0,0.0,0,61,183.0,78,1,2,0,0,2.6129,5.0,19685.4,7338.75,13.0,11.1,533.0,49.0,10.0,26,44.2308,32.3529,22.2222,12.5,32.1429,5.0,8.0,19.3,375.0,29.0,8.0,23.5294,16.6667,6.25,39.2857,25.0
22,1,2.0,9,1,0,28.0,60.0,0.0,4.0,0.0,0,62,168.0,95,2,1,1,0,3.57143,4.8125,8798.71,3409.94,10.0,13.6,455.0,24.0,8.0,28,53.8462,48.5294,30.5556,25.0,50.0,30.0,8.0,15.9,345.0,32.0,30.0,73.5294,69.4444,37.5,57.1429,25.0
23,0,2.0,24,1,0,15.0,90.0,7.0,10.0,100.0,0,64,168.0,67,4,0,1,0,4.30233,4.33333,10633.3,5889.07,15.0,9.2,533.0,30.0,10.0,41,51.9231,61.7647,47.2222,18.75,42.8571,5.0,13.0,11.1,457.0,31.0,30.0,70.5882,38.8889,25.0,42.8571,0.0
24,0,2.0,15,1,1,28.0,90.0,28.0,7.0,100.0,0,49,172.0,90,2,1,1,0,2.58333,2.74194,12747.6,12748.9,10.0,12.9,480.0,0.0,9.0,18,53.8462,55.8824,33.3333,31.25,53.5714,15.0,10.0,13.7,393.0,23.0,33.0,72.0588,58.3333,62.5,60.7143,35.0
25,1,2.0,8,0,0,10.0,90.0,0.0,7.0,100.0,1,59,165.0,75,2,0,1,0,2.40909,1.0,11595.3,4003.0,10.0,13.2,412.0,24.0,9.0,16,51.9231,72.0588,52.7778,31.25,71.4286,15.0,15.0,9.1,445.0,7.0,41.0,33.8235,61.1111,50.0,64.2857,100.0
26,0,2.0,24,1,0,0.0,100.0,0.0,7.0,100.0,0,53,169.0,64,2,3,1,0,3.60294,5.27778,11585.4,9368.39,14.0,10.5,488.0,30.0,8.0,13,42.3077,55.8824,36.1111,18.75,53.5714,5.0,10.0,13.9,460.0,12.0,33.0,70.5882,80.5556,50.0,60.7143,40.0
27,1,2.0,24,1,0,10.0,80.0,12.0,6.0,100.0,0,62,178.0,78,4,2,1,0,3.0,5.07935,11280.3,9864.14,18.0,8.6,533.0,29.0,9.0,37,38.4615,19.1176,19.4444,25.0,42.8571,5.0,7.0,23.6,435.0,23.0,17.0,51.4706,50.0,37.5,67.8571,5.0
28,1,2.0,16,1,0,8.0,60.0,3.0,5.0,100.0,0,58,175.0,77,1,1,1,0,4.8,4.03863,9792.2,6995.99,10.0,13.3,496.0,19.0,5.0,42,30.7692,38.2353,36.1111,31.25,39.2857,0.0,12.0,11.1,450.0,32.0,31.0,88.2353,66.6667,43.75,57.1429,5.0
29,1,2.0,32,1,1,0.0,100.0,0.0,6.0,100.0,0,53,174.0,79,4,2,0,0,1.2,1.62791,22761.6,17573.0,14.0,9.8,523.0,31.0,8.0,15,73.0769,61.7647,52.7778,18.75,71.4286,25.0,17.0,8.9,510.0,24.0,34.0,64.7059,50.0,31.25,57.1429,35.0
30,0,3.0,8,1,0,3.0,80.0,0.0,4.0,100.0,0,51,166.0,88,1,3,1,0,7.33333,7.4375,5920.64,4255.31,10.0,14.7,435.0,12.0,4.0,31,55.7692,58.8235,61.1111,25.0,60.7143,10.0,10.0,13.1,377.0,35.0,35.0,79.4118,86.1111,43.75,82.1429,35.0
31,1,2.0,32,1,1,0.0,100.0,0.0,7.0,100.0,0,60,172.0,78,2,0,1,0,3.0,4.85714,11354.8,9711.14,12.0,12.8,534.0,22.0,9.0,28,42.3077,73.5294,63.8889,6.25,64.2857,15.0,12.0,11.8,470.0,22.0,32.0,80.8824,88.8889,56.25,57.1429,20.0
32,1,2.0,37,1,1,28.0,0.0,15.0,3.0,100.0,28,65,162.0,80,1,2,0,0,7.5935,7.61842,8562.16,6671.62,15.0,9.5,387.0,0.0,9.0,21,40.3846,41.1765,47.2222,6.25,57.1429,5.0,12.0,12.8,428.0,27.0,30.0,66.1765,63.8889,56.25,67.8571,35.0
33,1,2.0,18,1,0,4.0,60.0,0.0,6.0,100.0,3,51,173.0,104,4,3,1,0,3.05128,2.0,9436.51,1814.0,17.0,8.4,480.0,29.0,9.0,21,38.4615,51.4706,41.6667,25.0,32.1429,25.0,17.0,8.1,505.0,14.0,45.0,85.2941,77.7778,62.5,78.5714,65.0
34,0,2.0,38,1,1,15.0,80.0,0.0,5.0,100.0,0,52,182.0,89,1,2,0,0,3.35714,3.82185,14870.4,12606.5,11.0,12.3,465.0,29.0,9.0,20,48.0769,55.8824,61.1111,43.75,57.1429,30.0,7.0,22.1,325.0,18.0,10.0,35.2941,36.1111,31.25,42.8571,0.0
35,0,2.0,32,1,0,12.0,70.0,0.0,5.0,100.0,4,56,175.0,104,1,1,1,0,2.33333,3.0,10844.0,4473.0,18.0,8.3,502.0,29.0,10.0,36,57.6923,64.7059,75.0,18.75,64.2857,0.0,12.0,12.3,520.0,26.0,36.0,94.1176,94.4444,50.0,75.0,35.0
36,0,2.0,38,1,1,5.0,40.0,2.0,4.0,100.0,5,50,178.0,108,1,4,0,0,1.65385,3.60303,13103.8,10325.7,13.0,10.7,440.0,12.0,4.0,36,26.9231,33.8235,36.1111,12.5,53.5714,20.0,12.0,8.3,0.0,37.0,50.0,80.8824,83.3333,43.75,85.7143,55.0
37,0,2.0,36,1,1,16.0,70.0,2.0,8.0,100.0,0,59,188.0,97,4,2,0,0,3.6,4.6875,6292.6,9884.54,19.0,8.8,600.0,49.0,8.0,26,48.0769,51.4706,44.4444,25.0,53.5714,15.0,9.0,10.4,480.0,27.0,24.0,63.2353,63.8889,43.75,42.8571,25.0
38,1,2.0,38,1,1,0.0,100.0,0.0,5.0,100.0,0,58,172.0,102,1,3,0,0,3.47619,2.0,15247.6,10449.0,14.0,11.3,515.0,34.0,8.0,27,71.1538,73.5294,69.4444,43.75,35.7143,70.0,18.0,8.7,487.0,27.0,40.0,83.8235,55.5556,62.5,53.5714,35.0
39,1,2.0,32,1,1,0.0,100.0,0.0,7.0,100.0,0,58,193.0,99,4,0,0,0,7.0,6.82727,8076.5,9583.49,16.0,9.3,495.0,20.0,7.0,27,55.7692,73.5294,72.2222,37.5,71.4286,0.0,12.0,11.2,410.0,29.0,15.0,58.8235,58.3333,18.75,42.8571,0.0
40,1,2.0,55,0,1,0.0,100.0,0.0,7.0,100.0,0,64,183.0,93,1,0,0,0,3.93507,4.66667,9536.61,7537.21,12.0,12.0,540.0,0.0,9.0,31,69.2308,52.9412,47.2222,25.0,35.7143,30.0,9.0,14.6,475.0,31.0,32.0,67.6471,55.5556,18.75,46.4286,60.0
41,1,2.0,36,1,1,0.0,100.0,0.0,6.0,100.0,0,64,176.0,85,4,3,0,0,5.92857,2.08696,8631.0,7919.24,18.0,9.3,505.0,31.0,9.0,11,50.0,47.0588,25.0,12.5,28.5714,5.0,0.0,0.0,0.0,12.0,36.0,66.1765,69.4444,37.5,57.1429,25.0
42,0,2.0,15,0,0,12.0,40.0,28.0,5.0,100.0,0,54,168.0,65,2,2,1,0,4.11494,4.51351,14763.4,16298.6,22.0,6.7,585.0,26.0,10.0,39,69.2308,75.0,47.2222,37.5,60.7143,15.0,17.0,7.4,545.0,22.0,31.0,69.1176,52.7778,37.5,60.7143,5.0
43,1,2.0,32,1,0,0.0,0.0,0.0,7.0,100.0,4,62,170.0,90,2,1,1,0,6.73684,1.0,9111.34,503.0,11.0,12.2,485.0,19.0,9.0,26,71.1538,67.6471,50.0,31.25,50.0,15.0,12.0,11.9,390.0,32.0,9.0,41.1765,41.6667,12.5,42.8571,0.0
44,1,2.0,29,1,1,0.0,100.0,1.0,7.0,100.0,16,64,171.0,71,1,4,0,0,5.33333,5.17949,17393.1,11075.6,20.0,7.3,563.0,0.0,9.0,18,57.6923,75.0,63.8889,37.5,67.8571,25.0,13.0,11.7,530.0,24.0,27.0,54.4118,55.5556,37.5,46.4286,20.0
45,1,2.0,32,1,0,0.0,0.0,28.0,10.0,100.0,0,56,174.0,92,4,3,1,0,9.27586,6.70305,5903.79,6423.36,9.0,15.4,400.0,19.0,10.0,30,13.4615,13.2353,8.33333,0.0,25.0,0.0,13.0,10.9,486.0,35.0,30.0,70.5882,47.2222,43.75,50.0,0.0
46,1,3.0,40,1,1,2.0,50.0,0.0,6.0,100.0,0,53,176.0,89,2,0,1,0,4.91589,3.70408,11585.3,13072.6,21.0,7.0,605.0,0.0,9.0,33,59.6154,57.3529,33.3333,37.5,32.1429,25.0,13.0,10.8,565.0,42.0,34.0,63.2353,47.2222,37.5,42.8571,50.0
47,0,2.0,32,1,0,8.0,100.0,0.0,8.0,100.0,0,54,173.0,93,1,2,1,0,3.46154,3.96296,10302.4,8632.04,22.0,6.5,578.0,27.0,10.0,16,55.7692,77.9412,63.8889,12.5,57.1429,5.0,8.0,17.6,405.0,25.0,33.0,66.1765,58.3333,43.75,35.7143,35.0
48,1,3.0,36,1,1,4.0,90.0,0.0,6.0,100.0,0,62,178.0,94,1,2,1,0,6.16667,4.24505,5498.0,5565.57,10.0,14.5,210.0,17.0,6.0,39,36.5385,43.75,38.8889,18.75,42.8571,16.6667,9.0,15.28,510.0,25.0,42.0,83.8235,72.2222,50.0,64.2857,75.0
49,1,2.0,23,1,0,12.0,40.0,28.0,4.0,100.0,0,60,164.0,74,2,0,1,0,4.80822,3.80239,11443.5,9326.69,21.0,7.0,520.0,23.0,10.0,23,53.8462,63.2353,50.0,31.25,46.4286,16.6667,18.0,7.6,500.0,22.0,46.0,97.0588,97.2222,75.0,78.5714,60.0
50,1,4.0,36,0,0,4.0,60.0,5.0,4.0,100.0,0,60,176.0,95,1,0,1,0,9.44,8.73333,3394.4,2773.93,0.0,0.0,373.0,17.0,7.0,39,26.9231,22.0588,16.6667,6.25,7.14286,0.0,10.0,15.4,360.0,21.0,28.0,86.7647,83.3333,62.5,78.5714,0.0
51,1,2.0,45,0,1,0.0,100.0,10.0,6.0,100.0,2,58,187.0,122,1,2,1,0,7.21818,5.66667,6402.27,7832.83,24.0,6.04,460.0,26.0,10.0,20,44.2308,52.9412,52.7778,31.25,60.7143,15.0,12.0,12.6,448.0,33.0,26.0,72.0588,69.4444,43.75,60.7143,5.0
52,0,2.0,50,1,0,20.0,90.0,0.0,10.0,100.0,0,64,180.0,70,1,3,0,0,4.20408,4.57278,11787.8,9844.99,16.0,10.5,472.0,31.0,10.0,9,36.5385,50.0,30.5556,31.25,78.5714,25.0,18.0,7.27,0.0,6.0,31.0,50.0,50.0,62.5,67.8571,100.0
53,1,2.0,38,1,1,15.0,100.0,0.0,8.0,100.0,0,60,183.0,109,2,1,0,0,5.52632,6.07244,12620.1,10251.1,10.0,14.8,480.0,31.0,7.0,15,36.5385,45.5882,41.6667,37.5,53.5714,30.0,8.0,19.1,367.0,28.0,22.0,41.1765,38.8889,37.5,39.2857,30.0
54,0,2.0,32,1,0,0.0,100.0,0.0,8.0,100.0,0,50,172.0,72,2,1,1,0,3.52,4.40698,12968.4,10309.1,14.0,10.2,0.0,12.0,6.0,4,28.8462,51.4706,50.0,31.25,46.4286,0.0,3.0,0.0,497.0,1.0,35.0,88.2353,75.0,62.5,82.1429,45.0
55,1,2.0,24,1,0,28.0,0.0,0.0,1.0,100.0,28,63,171.0,97,1,3,1,0,7.11111,7.25979,2032.44,8327.89,9.0,16.8,272.0,10.0,9.0,40,26.9231,23.5294,19.4444,18.75,53.5714,10.0,0.0,0.0,295.0,28.0,31.0,85.2941,88.8889,43.75,85.7143,25.0
56,0,2.0,40,1,1,40.0,70.0,8.0,6.0,100.0,0,63,180.0,83,2,2,0,0,5.07143,4.81351,11813.9,9338.98,19.0,7.15,450.0,29.0,10.0,21,48.0769,51.4706,44.4444,43.75,35.7143,40.0,8.0,17.9,400.0,15.0,33.0,58.8235,41.6667,43.75,46.4286,30.0
57,1,2.0,30,0,1,28.0,50.0,28.0,3.0,100.0,0,55,175.0,86,1,3,1,0,7.84091,5.64444,6865.36,10741.4,6.0,23.9,360.0,23.0,10.0,29,48.0769,33.8235,30.5556,12.5,42.8571,0.0,8.0,18.2,410.0,23.0,28.0,63.2353,63.8889,37.5,67.8571,35.0
58,1,2.0,24,1,0,0.0,0.0,0.0,6.0,100.0,0,51,170.0,74,4,0,1,0,2.81818,4.66667,9809.25,4882.44,17.0,7.95,540.0,24.0,9.0,12,50.0,55.8824,58.3333,56.25,60.7143,50.0,17.0,4.7,525.0,15.0,45.0,95.5882,91.6667,68.75,71.4286,55.0
59,1,2.0,32,1,1,0.0,0.0,0.0,6.0,100.0,16,56,178.0,96,4,4,0,0,3.42424,2.77273,11455.9,13387.0,18.0,8.18,330.0,36.0,10.0,27,46.1538,54.4118,50.0,25.0,67.8571,25.0,20.0,0.0,510.0,25.0,42.0,88.2353,72.2222,62.5,71.4286,55.0
60,1,2.0,24,1,0,10.0,100.0,5.0,9.0,100.0,0,61,177.0,90,4,1,1,0,3.11364,4.35294,14273.2,9953.88,24.0,5.81,480.0,22.0,9.0,22,46.1538,54.4118,38.8889,37.5,35.7143,25.0,16.0,10.3,440.0,20.0,32.0,82.3529,69.4444,62.5,71.4286,35.0
61,1,7.0,24,1,0,10.0,20.0,0.0,5.0,100.0,4,57,203.0,105,1,2,0,0,4.48387,3.91639,9268.71,4432.74,13.0,11.46,540.0,22.0,9.0,21,76.9231,69.1176,62.5,37.5,60.7143,65.0,11.0,14.4,544.0,28.0,33.0,70.5882,63.8889,50.0,60.7143,50.0
62,1,3.0,32,1,0,4.0,90.0,0.0,8.0,100.0,12,55,187.0,87,2,2,1,0,3.87097,3.0,7339.87,5789.0,11.0,13.5,470.0,30.0,10.0,21,59.6154,72.0588,50.0,31.25,42.8571,5.0,13.0,12.7,385.0,23.0,30.0,75.0,58.3333,37.5,42.8571,5.0
63,1,2.0,16,1,0,4.0,90.0,4.0,6.0,100.0,0,57,168.0,76,1,1,1,0,4.14706,8.0,10333.8,4291.44,14.0,9.0,520.0,21.0,8.0,28,50.0,66.1765,52.7778,25.0,39.2857,30.0,13.0,9.51,415.0,20.0,36.0,91.1765,91.6667,56.25,75.0,35.0
64,1,2.0,18,1,1,3.0,80.0,0.0,5.0,100.0,0,65,172.0,87,1,2,1,0,3.36842,3.43507,12437.3,13136.7,12.0,10.5,480.0,19.0,8.0,28,42.3077,36.7647,27.7778,25.0,50.0,0.0,11.0,13.4,450.0,34.0,11.0,36.7647,19.4444,18.75,53.5714,0.0
65,1,3.0,32,1,1,0.0,0.0,0.0,9.0,100.0,0,62,185.0,80,4,0,1,0,5.08108,4.0,11580.3,7349.0,8.0,14.36,520.0,19.0,9.0,14,32.6923,55.8824,47.2222,43.75,71.4286,10.0,7.0,22.7,375.0,31.0,25.0,60.2941,61.1111,25.0,75.0,0.0
66,1,5.0,24,1,0,28.0,100.0,4.0,8.0,100.0,0,65,196.0,119,1,4,1,0,2.0,3.66667,313.0,4696.67,12.0,14.32,375.0,13.0,8.0,15,28.8462,14.7059,30.5556,0.0,71.4286,5.0,0.0,0.0,170.0,61.0,14.0,8.82353,8.33333,12.5,57.1429,0.0
67,1,3.0,36,1,1,4.0,80.0,0.0,7.0,100.0,0,62,180.0,106,2,3,0,0,3.22963,3.14286,14351.9,10216.1,15.0,8.7,625.0,41.0,10.0,18,38.4615,45.5882,41.6667,18.75,50.0,5.0,18.0,6.35,507.0,15.0,44.0,70.5882,63.8889,68.75,75.0,15.0
68,1,2.0,25,0,0,0.0,100.0,0.0,7.0,100.0,0,56,186.0,80,1,1,1,0,2.68421,4.37283,15922.9,12638.4,16.0,9.1,555.0,31.0,10.0,24,61.5385,63.2353,55.5556,50.0,60.7143,30.0,11.0,12.55,450.0,22.0,30.0,63.2353,50.0,43.75,53.5714,45.0
69,1,2.0,14,1,0,0.0,100.0,0.0,8.0,100.0,0,63,162.0,79,2,2,1,0,4.5,3.83401,13998.1,12600.9,16.0,8.55,496.0,12.0,8.0,24,73.0769,80.8824,55.5556,50.0,39.2857,45.0,13.0,11.2,440.0,22.0,36.0,88.2353,63.8889,62.5,71.4286,45.0
70,1,2.0,12,1,1,0.0,100.0,15.0,3.0,75.0,21,65,169.0,76,1,3,1,0,5.68293,5.125,8373.04,10659.1,16.0,8.4,435.0,20.0,9.0,23,55.7692,57.3529,36.1111,18.75,42.8571,40.0,15.0,10.5,435.0,18.0,41.0,92.6471,77.7778,56.25,75.0,70.0
71,1,2.0,40,1,1,0.0,100.0,4.0,4.0,100.0,0,61,178.0,87,4,2,0,0,5.44444,5.48148,11675.7,9036.11,23.0,6.4,620.0,36.0,10.0,14,48.0769,61.7647,58.3333,6.25,89.2857,5.0,0.0,0.0,495.0,18.0,25.0,73.5294,63.8889,43.75,75.0,0.0
72,1,2.0,13,0,0,5.0,90.0,3.0,6.0,100.0,0,58,185.0,90,1,3,1,0,2.125,3.92194,9714.56,5840.86,10.0,13.9,517.0,25.0,10.0,27,46.1538,66.1765,36.1111,18.75,42.8571,5.0,9.0,15.8,380.0,17.0,31.0,66.1765,47.2222,12.5,28.5714,5.0
73,1,3.0,40,1,1,16.0,100.0,4.0,8.0,100.0,0,65,176.0,85,2,1,1,0,1.36842,1.27273,17793.5,13897.7,11.0,11.5,450.0,27.0,10.0,27,42.3077,39.7059,44.4444,25.0,53.5714,0.0,9.0,14.02,480.0,31.0,29.0,66.1765,63.8889,37.5,57.1429,15.0
74,1,2.0,12,1,0,0.0,100.0,0.0,5.0,100.0,4,65,178.0,97,1,0,1,0,5.15217,5.69231,7622.52,7419.08,8.0,14.9,337.0,7.0,6.0,18,21.1538,20.5882,13.8889,12.5,14.2857,0.0,14.0,10.5,465.0,8.0,46.0,89.7059,86.1111,62.5,67.8571,35.0
75,1,4.0,14,1,0,5.0,90.0,0.0,8.0,100.0,0,59,163.0,82,2,2,1,0,3.5,5.63934,13625.8,10690.1,12.0,12.5,485.0,15.0,8.0,38,48.0769,54.4118,47.2222,33.3333,46.4286,15.0,15.0,8.6,420.0,23.0,32.0,73.5294,66.6667,56.25,75.0,20.0
76,0,2.0,40,0,1,0.0,100.0,0.0,8.0,100.0,0,57,170.0,90,4,1,1,0,5.18182,4.92966,7253.91,5926.52,11.0,15.0,435.0,22.0,9.0,21,48.0769,33.8235,30.5556,37.5,32.1429,5.0,10.0,13.7,420.0,16.0,33.0,73.5294,55.5556,56.25,75.0,0.0
77,1,2.0,58,1,1,0.0,100.0,4.0,8.0,100.0,0,58,180.0,110,1,1,0,0,5.03677,5.00234,9703.74,8239.77,11.0,11.1,415.0,31.0,9.0,19,55.7692,70.5882,44.4444,25.0,57.1429,10.0,12.0,10.07,444.0,23.0,11.0,54.4118,47.2222,31.25,57.1429,0.0
78,1,2.0,36,1,1,0.0,100.0,0.0,10.0,100.0,0,63,179.0,90,4,1,0,0,5.47172,8.47368,7773.69,6837.66,13.0,11.94,496.0,31.0,10.0,29,53.8462,61.7647,38.8889,31.25,25.0,5.0,17.0,8.7,460.0,17.0,36.0,83.8235,72.2222,43.75,57.1429,10.0
79,1,2.0,32,1,1,28.0,0.0,16.0,3.0,100.0,28,62,186.0,98,1,4,0,0,6.45455,5.6,9998.82,10617.3,14.0,10.2,410.0,27.0,9.0,33,32.6923,39.7059,36.1111,18.75,17.8571,0.0,14.0,8.99,0.0,18.0,26.0,61.7647,69.4444,37.5,78.5714,10.0
80,1,2.0,40,1,1,4.0,0.0,0.0,8.0,0.0,4,57,170.0,78,4,1,1,1,3.0,11.1961,689.0,7623.2,14.0,9.58,508.0,15.0,8.0,56,32.6923,73.5294,63.8889,87.5,67.8571,100.0,10.0,13.69,483.0,42.0,20.0,35.2941,19.4444,62.5,46.4286,100.0
81,1,2.0,24,0,1,12.0,5.0,0.0,1.0,65.0,3,58,180.0,98,1,2,0,1,6.57143,4.55,10449.4,9730.83,11.0,14.12,575.0,10.0,5.0,28,30.7692,89.7059,86.1111,93.75,53.5714,100.0,7.0,19.31,442.0,21.0,11.0,52.9412,75.0,93.75,78.5714,100.0
82,1,3.0,32,1,1,8.0,8.0,0.0,8.0,0.0,0,63,172.0,88,1,3,0,1,8.33333,5.94737,7668.22,6127.24,9.0,15.89,450.0,30.0,9.0,12,46.1538,20.5882,38.8889,87.5,35.7143,100.0,0.0,0.0,0.0,24.0,50.0,50.0,50.0,50.0,50.0,50.0
83,1,2.0,36,1,0,0.0,10.0,0.0,9.0,0.0,0,56,170.0,104,4,1,1,1,6.5,11.8883,8105.5,4665.99,9.0,18.1,408.0,15.0,6.0,25,42.3077,60.2941,83.3333,87.5,82.1429,95.0,11.0,11.26,425.0,30.0,30.0,19.1176,27.7778,68.75,53.5714,100.0
84,1,3.0,22,1,0,10.0,6.0,0.0,6.0,0.0,0,57,164.0,75,1,2,1,1,6.77778,9.14286,9552.22,3625.43,7.0,21.82,382.0,15.0,8.0,26,40.3846,60.2941,72.2222,100.0,67.8571,100.0,1.0,60.0,358.0,20.0,23.0,45.5882,58.3333,50.0,50.0,100.0
85,1,2.0,52,0,1,28.0,6.0,0.0,6.0,0.0,0,60,183.0,70,1,4,0,1,3.03333,4.73913,15782.2,14849.3,12.0,12.47,525.0,20.0,7.0,38,19.2308,67.6471,55.5556,87.5,57.1429,100.0,7.0,20.05,600.0,30.0,25.0,50.0,47.2222,62.5,21.4286,85.0
86,1,2.0,38,1,1,0.0,0.0,0.0,8.0,0.0,0,62,189.0,120,1,2,0,1,8.85714,9.95349,5349.57,5289.44,6.0,23.39,408.0,20.0,8.0,12,36.5385,66.1765,75.0,75.0,53.5714,85.0,13.0,12.04,525.0,9.0,27.0,29.4118,47.2222,37.5,39.2857,100.0
87,0,2.0,32,1,0,4.0,8.0,0.0,7.0,0.0,0,56,168.0,85,4,1,1,1,4.76923,3.77416,9600.77,5076.54,5.0,37.44,425.0,10.0,3.0,36,38.4615,75.0,80.5556,81.25,82.1429,90.0,9.0,16.04,475.0,30.0,28.0,20.5882,19.4444,43.75,46.4286,50.0
88,0,1.0,40,1,0,0.0,10.0,0.0,9.0,0.0,0,50,190.0,120,4,0,0,1,2.0,5.08571,63.0,11790.2,12.0,12.79,658.0,10.0,7.0,8,55.7692,45.5882,52.7778,75.0,46.4286,100.0,14.0,10.79,650.0,12.0,33.0,32.3529,27.7778,68.75,32.1429,60.0
89,1,2.0,25,1,0,9.0,5.0,9.0,5.0,0.0,9,59,170.0,81,1,3,1,1,6.45205,4.32039,5645.95,8614.17,6.0,22.2,150.0,7.0,4.0,27,32.6923,67.6471,75.0,93.75,64.2857,90.0,7.0,20.95,317.0,23.0,26.0,27.9412,47.2222,68.75,67.8571,90.0
90,0,2.0,20,1,0,20.0,6.0,0.0,5.0,0.0,0,58,163.0,88,4,2,1,1,8.0,5.08333,815.0,9355.42,14.0,9.9,508.0,18.0,5.0,22,15.3846,76.4706,52.7778,68.75,71.4286,100.0,8.0,16.16,325.0,26.0,10.0,61.7647,58.3333,68.75,42.8571,100.0
91,1,2.0,32,1,1,4.0,8.0,0.0,7.0,0.0,0,57,172.0,75,1,0,1,1,5.32,7.67416,12978.0,8765.67,15.0,8.6,625.0,17.0,6.0,31,44.2308,44.1176,44.4444,56.25,28.5714,95.0,3.0,60.0,358.0,27.0,18.0,54.4118,33.3333,75.0,35.7143,100.0
92,1,3.0,54,0,1,24.0,3.0,24.0,3.0,0.0,0,53,185.0,87,2,0,0,1,6.0,8.30952,6731.5,3685.21,5.0,28.5,433.0,15.0,4.0,30,26.9231,76.4706,86.1111,100.0,75.0,100.0,1.0,60.0,100.0,35.0,6.0,86.7647,88.8889,100.0,60.7143,100.0
93,1,2.0,45,1,1,10.0,10.0,0.0,6.0,0.0,0,63,174.0,112,2,1,0,1,7.57143,4.5,4088.14,6741.44,13.0,11.03,442.0,20.0,5.0,19,63.4615,42.6471,52.7778,56.25,60.7143,85.0,12.0,11.16,375.0,10.0,22.0,11.7647,41.6667,25.0,46.4286,100.0
94,0,1.0,40,1,0,0.0,0.0,0.0,9.0,0.0,0,63,175.0,81,4,2,0,1,5.33333,6.21475,10429.0,7887.53,15.0,8.96,538.0,19.0,2.0,47,50.0,47.0588,55.5556,81.25,39.2857,95.0,13.0,10.98,517.0,40.0,26.0,50.0,58.3333,62.5,46.4286,85.0
95,1,2.0,40,1,1,0.0,0.0,0.0,10.0,0.0,0,55,190.0,108,4,0,0,1,3.57143,4.46875,10899.4,10667.5,14.0,8.99,675.0,30.0,5.0,14,42.3077,48.5294,22.2222,18.75,32.1429,0.0,13.0,10.41,658.0,4.0,28.0,4.41176,16.6667,37.5,42.8571,70.0
96,1,2.0,38,0,1,0.0,2.0,0.0,4.0,0.0,32,56,190.0,90,1,4,0,1,3.04167,3.38235,7773.69,13316.5,11.0,13.19,600.0,20.0,2.0,25,40.3846,45.5882,58.3333,75.0,50.0,70.0,9.0,14.58,483.0,11.0,23.0,30.8824,47.2222,62.5,53.5714,100.0
97,0,1.0,40,1,1,0.0,10.0,0.0,8.0,0.0,0,56,180.0,86,4,1,0,1,15.0,2.0,1564.0,11637.0,13.0,10.51,592.0,22.0,3.0,8,55.7692,45.5882,41.6667,68.75,21.4286,80.0,12.0,10.47,542.0,15.0,40.0,5.88235,2.77778,31.25,21.4286,80.0
98,1,2.0,30,1,0,12.0,5.0,0.0,7.0,0.0,0,47,173.0,86,2,1,1,1,6.9375,6.66667,6770.31,4446.27,14.0,10.35,592.0,20.0,8.0,35,15.3846,70.5882,77.7778,87.5,67.8571,100.0,12.0,10.58,450.0,34.0,18.0,22.0588,41.6667,68.75,42.8571,100.0
99,1,2.0,28,1,0,14.0,0.0,14.0,1.0,0.0,14,54,172.0,92,1,3,1,1,9.42857,4.74194,10295.3,8356.81,10.0,13.61,550.0,10.0,9.0,34,48.0769,41.1765,38.8889,75.0,42.8571,100.0,6.0,22.35,400.0,38.0,11.0,20.5882,38.8889,87.5,67.8571,100.0
100,1,2.0,20,1,1,20.0,2.0,28.0,4.0,0.0,0,59,190.0,120,4,2,0,1,7.78462,6.45907,7337.85,6505.86,8.0,17.3,375.0,15.0,5.0,28,57.6923,58.8235,66.6667,93.75,67.8571,90.0,7.0,17.3,435.0,33.0,21.0,25.0,19.4444,68.75,35.7143,85.0
101,1,2.0,24,1,0,18.0,8.0,8.0,5.0,0.0,0,55,157.0,96,1,2,1,1,4.8169,3.9919,10581.1,7037.25,11.0,12.79,350.0,0.0,1.0,21,34.6154,72.0588,72.2222,87.5,53.5714,100.0,12.0,11.95,500.0,36.0,18.0,45.5882,55.5556,62.5,75.0,95.0
102,0,2.0,40,0,1,5.0,6.0,5.0,6.0,0.0,0,59,187.0,97,2,0,0,1,4.0,3.57143,11329.7,8395.71,8.0,12.34,575.0,15.0,3.0,33,30.7692,73.5294,75.0,81.25,53.5714,100.0,8.0,17.16,437.0,24.0,15.0,52.9412,38.8889,56.25,32.1429,100.0
103,1,3.0,36,0,1,18.0,10.0,0.0,7.0,0.0,0,61,158.0,95,4,2,1,1,5.03677,5.00234,9703.74,8239.77,17.0,8.06,525.0,20.0,5.0,19,61.5385,39.7059,41.6667,68.75,42.8571,95.0,16.0,7.82,483.0,10.0,45.0,4.41176,0.0,31.25,35.7143,55.0
104,0,2.0,45,1,1,0.0,0.0,0.0,6.0,0.0,0,52,182.0,108,1,3,0,1,3.33333,5.8,8847.0,7110.0,12.0,10.65,600.0,35.0,3.0,28,67.3077,47.0588,47.2222,68.75,50.0,80.0,13.0,10.31,558.0,23.0,40.0,17.6471,25.0,50.0,42.8571,55.0
105,1,3.0,16,1,0,16.0,5.0,16.0,3.0,0.0,0,54,168.0,89,1,2,1,1,2.5,5.0,5504.75,4930.25,9.0,15.46,425.0,5.0,1.0,31,30.7692,60.2941,63.8889,87.5,53.5714,95.0,9.0,15.18,350.0,21.0,17.0,44.1176,52.7778,68.75,50.0,100.0
106,1,2.0,40,1,1,20.0,10.0,20.0,4.0,0.0,0,63,175.0,85,2,2,0,1,1.44444,3.06818,14192.3,10002.6,10.0,12.58,400.0,10.0,5.0,47,25.0,76.4706,69.4444,93.75,75.0,100.0,8.0,18.21,325.0,43.0,13.0,63.2353,63.8889,68.75,64.2857,100.0
107,1,2.0,24,1,1,2.0,8.0,2.0,8.0,0.0,0,62,168.0,86,4,2,1,1,6.83333,8.5,9428.46,4893.75,23.0,7.11,700.0,15.0,9.0,37,48.0769,45.5882,52.7778,75.0,50.0,70.0,9.0,16.7,433.0,43.0,25.0,41.1765,47.2222,75.0,53.5714,95.0
108,1,2.0,40,1,1,0.0,10.0,0.0,10.0,0.0,0,58,182.0,115,4,0,0,1,4.71429,2.25,11745.0,12698.8,8.0,23.08,483.0,0.0,0.0,27,30.7692,70.5882,75.0,81.25,85.7143,95.0,11.0,11.73,475.0,5.0,37.0,7.35294,25.0,25.0,50.0,60.0
